Type,Offset,Index,Hash,StopOnClose,Path
offset,1151,0,0,1,dub/dayOne/0.ogg
offset,1151,1,0,1,dub/dayOne/1.ogg
offset,1151,2,0,1,dub/dayOne/2.ogg
offset,1151,3,0,1,dub/dayOne/3.ogg
offset,1151,4,0,1,dub/dayOne/4.ogg
offset,1151,5,0,1,dub/dayOne/5.ogg
offset,1151,6,0,1,dub/dayOne/6.ogg
offset,1151,7,0,1,dub/dayOne/7.ogg
offset,1151,8,0,1,dub/dayOne/8.ogg
offset,1151,9,0,1,dub/dayOne/9.ogg
offset,95,0,0,0,dub/open/0.ogg
offset,95,4,0,0,dub/open/4.ogg
offset,95,8,0,0,dub/open/8.ogg
offset,95,10,0,0,dub/open/10.ogg
offset,95,16,0,0,dub/open/16.ogg
offset,95,20,0,0,dub/open/20.ogg
offset,1226,0,0,1,dub/marian_226/0.ogg
offset,1226,1,0,1,dub/marian_226/1.ogg
offset,1226,19,0,1,dub/marian_226/19.ogg
offset,1226,3,0,1,dub/marian_226/3.ogg
offset,1226,11,0,1,dub/marian_226/11.ogg
offset,1226,17,0,1,dub/marian_226/17.ogg
offset,1210,209,0,1,dub/rm210/209.ogg
offset,1210,210,0,1,dub/rm210/210.ogg
offset,1210,121,0,1,dub/rm210/121.ogg
offset,1210,122,0,1,dub/rm210/122.ogg
offset,1210,123,0,1,dub/rm210/123.ogg
offset,1210,56,0,1,dub/rm210/56.ogg
offset,1210,57,0,1,dub/rm210/57.ogg
offset,1210,58,0,1,dub/rm210/58.ogg
offset,1210,60,0,1,dub/rm210/60.ogg
offset,1210,61,0,1,dub/rm210/61.ogg
offset,1210,62,0,1,dub/rm210/62.ogg
offset,1210,63,0,1,dub/rm210/63.ogg